{
    "peaceful-muskox": {
        "hit": 16,
        "total": 38,
        "hit_rate": 42.10526315789473
    },
    "talented-eft": {
        "hit": 22,
        "total": 38,
        "hit_rate": 57.89473684210527
    },
    "communal-frog": {
        "hit": 12,
        "total": 37,
        "hit_rate": 32.432432432432435
    },
    "champion-chipmunk": {
        "hit": 21,
        "total": 38,
        "hit_rate": 55.26315789473685
    },
    "bold-buzzard": {
        "hit": 18,
        "total": 37,
        "hit_rate": 48.64864864864865
    },
    "all": {
        "hit": 89,
        "total": 188,
        "hit_rate": 47.340425531914896
    }
}