{
    "peaceful-muskox": {
        "hit": 13,
        "total": 38,
        "hit_rate": 34.21052631578947
    },
    "talented-eft": {
        "hit": 19,
        "total": 38,
        "hit_rate": 50.0
    },
    "communal-frog": {
        "hit": 10,
        "total": 37,
        "hit_rate": 27.027027027027028
    },
    "champion-chipmunk": {
        "hit": 18,
        "total": 38,
        "hit_rate": 47.368421052631575
    },
    "bold-buzzard": {
        "hit": 18,
        "total": 37,
        "hit_rate": 48.64864864864865
    },
    "all": {
        "hit": 78,
        "total": 188,
        "hit_rate": 41.48936170212766
    }
}